File,TestTime,NumberSamples,TimeWindow(s)
Label1-cut.xlsx,57.276442766189575,200000,0.1
Label1-cut.xlsx,113.54655146598816,400000,0.1
Label1-cut.xlsx,112.50834846496582,400000,0.2
Label1-cut.xlsx,112.88679313659668,400000,0.3
Label1-cut.xlsx,113.58487796783447,400000,0.4
Label1-cut.xlsx,14.220798015594482,50000,0.4
Label1-cut.xlsx,15.033262491226196,50000,0.1
